<?xml version="1.0" encoding="utf-8"?><?xml-stylesheet type="text/xsl" href="https://portal.rosreestr.ru/xsl/GKN/Vidimus_KS/03/common.xsl"?><CadastralCostDoc xmlns:Cos1="urn://x-artefacts-rosreestr-ru/commons/complex-types/cadastral-cost/1.0" xmlns:Cer1="urn://x-artefacts-rosreestr-ru/commons/complex-types/certification-doc/1.0" xmlns:Num1="urn://x-artefacts-rosreestr-ru/commons/complex-types/numbers/1.0" xmlns:tns="urn://x-artefacts-smev-gov-ru/supplementary/commons/1.0.1" xmlns="urn://x-artefacts-rosreestr-ru/outgoing/cadastral-cost-document/3.0"><Object CadastralNumber="74:33:0129008:818"><DateKS>2016-08-30</DateKS><CadastralCost Unit="383" Value="2364062"><Cos1:DateValuation>2015-03-01</Cos1:DateValuation><Cos1:DateEntering>2016-08-24</Cos1:DateEntering><Cos1:DateApproval>2016-08-06</Cos1:DateApproval><Cos1:DocNumber>170-П</Cos1:DocNumber><Cos1:DocDate>2016-07-22</Cos1:DocDate></CadastralCost><SpecialNote>Регистрационный номер запроса 50-15174997</SpecialNote></Object><CertificationDoc><Cer1:Organization>Филиал федерального государственного бюджетного учреждения «Федеральная кадастровая палата Федеральной службы государственной регистрации, кадастра и картографии» по Челябинской области</Cer1:Organization><Cer1:Date>2016-08-31</Cer1:Date><Cer1:Number>7400/101/16-726195</Cer1:Number><Cer1:Official><Cer1:Appointment>ВЕДУЩИЙ ИНЖЕНЕР</Cer1:Appointment><tns:FamilyName>ЯББАРОВА</tns:FamilyName><tns:FirstName>ЮЛИЯ</tns:FirstName><tns:Patronymic>ИЛЬДАРОВНА</tns:Patronymic></Cer1:Official></CertificationDoc></CadastralCostDoc>